5338,89,Far from love,Missquerada,Missquerada
5339,89,Globalization,Brett5000,Brett5000
5340,89,Journey,Tranzpotter,Tranzpotter
5341,89,Leavin,Freekwen-z,Freekwen-z
5342,89,Static space,Erica Sunn,Erica Sunn
5343,89,Stuck at home,The noise grinders,The noise grinders
5344,89,Hangouts Message,Ringtones,unknown
5345,89,Hangouts Call,Ringtones,unknown
5346,89,Facebook Pop,notifications,Facebook
5347,89,Sexy Bitch [Feat. Akon],One Love,David Guetta
5348,89,To The Sky (From The Soundtrack For The Original Motion P...andrlm;,All Things Bright and Beautiful,Owl City
5349,89,rojave,Received files,kadal
5350,89,Crush,David Archuleta,David Archuleta
5351,89,Touch My Hand,David Archuleta,David Archuleta
5352,89,Barriers,David Archuleta,David Archuleta
5353,89,My Hands,David Archuleta,David Archuleta
5354,89,A Little Too Not Over You,David Archuleta,David Archuleta
5355,89,You Can,David Archuleta,David Archuleta
5356,89,Running,David Archuleta,David Archuleta
5357,89,Desperate,David Archuleta,David Archuleta
5358,89,To Be With You,David Archuleta,David Archuleta
5359,89,Don't Let Go,David Archuleta,David Archuleta
5360,89,Your Eyes Don't Lie,David Archuleta,David Archuleta
5361,89,Turn Me On,Some Kind Of Trouble,James Blunt
5362,89,Addicted,"No Pads, No Helmets...Just Balls",Simple Plan
5363,89,Drop It Like It's Hot,RandG (Rhythm and Gangsta): The Masterpiece,Snoop Dogg feat Pharrell
5364,89,Aadu Pambe,Avial (2007),Avial
5365,89,Nada Nada,Avial,Avial
5366,89,05 Justin Timberlake - LoveStonedI Think She Knows Interlude,Received files,unknown
5367,89,Akon-bellydancer,Received files,unknown
5368,89,What Goes Around.../...Comes Around (interlude),FutureSex/LoveSounds,Justin Timberlake
5369,89,Steve Gerrard,Liverpool Chants,fanchants.com
5370,89,Oh Steven Gerrard - Too Good To Be True,Liverpool Chants,fanchants.com
5371,89,fields of anfield road,Received files,unknown
5372,89,Goodbye My Lover,Back to Bedlam,James Blunt
5373,89,Carry You Home,All The Lost Souls,James Blunt
5374,89,Sweat (Snoop Dogg vs. David Guetta),Greatest Hits,David Guetta
5375,89,Bartender (Feat. Akon),Epiphany,T-Pain
5376,89,1973,Back to Bedlam,James Blunt
5377,89,You're Beautiful,AandA decembrie,James Blunt
5378,89,I'll Take Everything,All The Lost Souls,James Blunt
5379,89,High,Back To Bedlam [UK],James Blunt
5380,89,Tears And Rain,Back to Bedlam,James Blunt
5381,89,One More Night,Overexposed,Maroon 5
5382,89,We are golden,We Are Golden,Mika
5383,89,One Step,This Is The Warning,Dead Letter Circus
5384,89,We Are Young,Some Nights,Fun.
5385,89,I Really Want You (Radio Edit),All The Lost Souls,James Blunt
5386,89,01. Passenger - Let Her Go,Received files,unknown
5387,89,Beatles - Let it be,"Past Masters, Vol. 2",The Beatles
5388,89,stitch,Received files,unknown
5389,89,Six Degrees Of Separation (Explicit Edit),The Official Uk Top 40 Singles Chart 02-12-2012,The Script
5390,89,Same Mistake,All The Lost Souls,James Blunt
5391,89,Aanakkallan,Salt N Pepper,Avial Band
5392,89,Will You Be There,The Essential Michael Jackson,Michael Jackson
5393,89,05 - Instant crush,Random Access Memories,Daft Punk
5394,89,12 - Doin' it right,Random Access Memories,Daft Punk
5395,89,13 - Contact,Random Access Memories,Daft Punk
5396,89,Suit And Commercial (Justin Timberlake vs Daft Punk),thehoodinternet.com,The Hood Internet
5397,89,Best Laid Plans,Some Kind Of Trouble,James Blunt
5398,89,Calling Out Your Name,Some Kind Of Trouble,James Blunt
5399,89,Heart Of Gold,Some Kind Of Trouble,James Blunt
5400,89,If Time Is All I Have,Some Kind Of Trouble,James Blunt
5401,89,I'll Be Your Man,Some Kind Of Trouble,James Blunt
5402,89,So Far Gone,Some Kind Of Trouble,James Blunt
5403,89,Stairway To Heaven,Best Songs Of All Time,Led Zeppelin
5404,89,Youtopia,Mirage,Armin van Buuren
5405,89,nAqwK8Ae5s9F.128,Received files,unknown
5406,89,A Thousand Years,Billboard Hot 100: 01-28-2012,Christina Perri
5407,89,Mallu Rap,Received files,zeest
5408,89,Wonderful Tonight (Best Performance Live),24 Nights Disc 2,Eric Clapton
5409,89,Wonderful Tonight,Slow Hand,Eric Clapton
5410,89,The Man Who Can't Be Moved,The Man Who Can't Be Moved - Single,The Script
5411,89,Something About Us (Love Theme From Interstella 5555),Daft Club,Daft Punk
5412,89,Superstar,Some Kind Of Trouble,James Blunt
5413,89,These Are The Words,Some Kind Of Trouble,James Blunt
5414,89,Anuraghathin Velayil - Muzikjam.com.mp3,Thattathin Marayathu - Muzikjam.com,Vineeth Sreenivasan - Muzikjam.com
5415,89,Hold My Hand (Duet With Akon) (Produced By Akon And Giorgio Tuinfort),Michael,Michael Jackson
5416,89,New Stevie Gerrard,Liverpool Chants,fanchants.com
5417,89,Give Life Back to Music,Random Access Memories,Daft Punk
5418,89,Giorgio by Moroder,Random Access Memories,Daft Punk
5419,89,Touch,Random Access Memories,Daft Punk
5420,89,Here We Divide,This Is the Warning Disc 1,Dead Letter Circus
5421,89,Big,This Is the Warning Disc 1,Dead Letter Circus
5422,89,Cage,This Is the Warning Disc 1,Dead Letter Circus
5423,89,Reaction,This Is the Warning Disc 1,Dead Letter Circus
5424,89,This Is the Warning,This Is the Warning Disc 1,Dead Letter Circus
5425,89,06 - Sunshine Of Your Love (1),Received files,unknown
5426,89,Castles Made of Sand,Experience Hendrix: The Best of Jimi Hendrix,Jimi Hendrix
5427,89,Don't Matter,Konvicted,Akon
5428,89,Anonymous by Beast 1333,Received files,unknown
5429,89,"Harder, Better, Faster, Stronger",Received files,Daft Punk
5430,89,Falling In Love At a Coffee Shop,SXSW 2009 Showcasing Artists,Landon Pigg
5431,89,Airplanes (Feat. Hayley Williams),HotNewHipHop.com,B.o.B
5432,89,Cry,Back To Bedlam [UK],James Blunt
5433,89,Digital Love,Discovery,Daft Punk
5434,89,Radioactive,The Official Uk Top 40 Singles Chart 14-04-2013,Imagine Dragons
5435,89,Demons,Night Visions,Imagine Dragons
5436,89,The Scientist,A Rush Of Blood To The Head,Coldplay
5437,89,Strom Without a Sky,Received files,Nikhil D'souza
5438,89,Dear God,Avenged Sevenfold,Avenged Sevenfold
5439,89,Jimi Hendrix_Valleys of Neptune_2010,Received files,unknown
5440,89,Here Without You,Away from the Sun,3 Doors Down
5441,89,All Rise,All Rise,Blue
5442,89,Fire Burning on the Dance Floor,Disco Fiasco MVX,Sean Kingston
5443,89,002 !!(){}!!!!(){}!!Tum!!(){},24/10/07 - New Mp3 - Hitesh Patel,002 ( Ronak HP ) Tum Se Hi - Digitaly Mastered From Hitesh
5444,89,Won't Go Home Without You,It Won't Be Soon Before Long,Maroon 5
5445,89,The A Team,+,Ed Sheeran
5446,89,Lego House,+,Ed Sheeran
5447,89,"You Need Me, I Don't Need You",+,Ed Sheeran
5448,89,Give Me Love,+,Ed Sheeran
5449,89,I See Fire,The Official Uk Top 40 Singles Chart 10-11-2013,Ed Sheeran
5450,89,Stay The Night,Some Kind Of Trouble,James Blunt
5451,89,READY STEADY GO,SMILE,L'Arc-en-Ciel
5452,89,The Message,"Message from Beat Street: The Best of Grandmaster Flash, Melle Mel and the Furious Five",Grandmaster Flash
5453,89,Rhinestone Eyes,Plastic Beach,Gorillaz
5454,89,Jimi Hendrix_Valleys of Neptune_2010000,Received files,unknown
5455,89,02 - One Day At A Time (Feat. Akon) (Muzikwar.Com),Euphoria - (MuzikWar.com),Enrique Iglesias - (MuzikWar.com)
5456,89,Grand Unification pt. 1,Received files,Fightstar
5457,89,20 - Gravity,Wolf's Rain OST,Wolf's Rain - Maaya Sakamoto
5458,89,Homecoming  (Ft. Chris Martin),Graduation,Kanye West
5459,89,Track 01,Untitled Album,Unknown Artist
5460,89,She Will Be Loved,Songs About Jane,Maroon 5
5461,89,My Immortal,Origin,Evanescence
5462,89,Secrets,Waking Up,OneRepublic
5463,89,Afterglow,Switch,INXS
5464,89,Mirrors,Mirrors,Justin Timberlake
5465,89,Clock alert 1,Images,unknown
5466,89,Message 2,Images,unknown
5467,89,You'll Never Walk Alone,title,Gerry And The Pacemakers
5468,89,Something 'Bout Love,Something 'Bout Love - Single,David Archuleta
5469,89,With You - ,Exclusive,Chris Brown
5470,89,Miles Davis and The Cool,The '59 Sound,The Gaslight Anthem
5471,89,Voodoo Child (Slight Return),Experience Hendrix: The Best of Jimi Hendrix,Jimi Hendrix
5472,89,Freedom,Experience Hendrix: The Best of Jimi Hendrix,Jimi Hendrix
5473,89,Hey Jude,No.1,The Beatles
5474,89,In Da Club,Get Rich or Die Tryin',50 Cent
5475,89,I Can't Wait,Konvicted,Akon
5476,89,I Wanna Love You - -Music.ru,Konvicted,Akon feat. Snoop Dogg?
5477,89,Sorry Blame It On Me,Konvicted,Akon
5478,89,All Along the Watchtower,Electric Ladyland,Jimi Hendrix
5479,89,Angel,"Those Classic Golden Years, Vol 36",Jimi Hendrix
5480,89,ayo technology-50 cent-justin timberlake,Music,unknown
5481,89,You're Beautiful,AandA decembrie,James Blunt
5482,89,Everything And More,,David Archuleta
5483,89,do you know.,insomniac.,enrique iglesias.
5484,89,Fuzzy Blue Lights,Of June,Owl City
5485,89,Kiss Me Thru The Phone,iSouljaboy,SouljaBoy Ft.Sammie
5486,89,19-2000 Soulchild Remix,Gorillaz,Gorillaz
5487,89,Levan Polkka,,Otomania
5488,89,Move,Vocal Battle,Initial D
5489,89,Purple Haze,Are You Experienced,Jimi Hendrix
5490,89,Heartless,| ??RandB | MaxRNB.cn |,Kanye West
5491,89,Stronger,Graduation,Kanye West
5492,89,Miss Independent,Music,Ne-Yo
5493,89,So Sick,In My Own Words,Ne-Yo
5494,89,Nickelback - If Everyone Cared,All the Right Reasons,Nickelback
5495,89,Rockstar,All the Right Reasons,Nickelback
5496,89,Over And Over (Feat. Tim McGraw),Suit,Nelly
5497,89,Fireflies,Ocean Eyes,Owl City
5498,89,Pink Floyd - Another Brick In The Wall,Music,unknown
5499,89,Best of Friends,Solo,Mimi Faria
5500,89,Juntos Para Siempre,2.B.A. Master,Pokmon
5501,89,Vanilla Twilight,Ocean Eyes,Owl City
5502,89,mp3songshome.com,mp3songshome.com,AKON @ mp3songshome.com
5503,89,sean kingston - shawtys like a melody in my head,Music,unknown
5504,89,Gangsta Luv,Music,Snoop Dogg Ft The Dream
5505,89,Chekele,Avial,Avial
5506,89,What If,Jason Derulo,Jason Derulo
5507,89,Hey There Delilah,Top 40 Singles,Plain White T's
5508,89,Crush,David Archuleta,David Archuleta
5509,89,Give Life Back to Music,Random Access Memories,Daft Punk
5510,89,Here We Divide,This Is the Warning Disc 1,Dead Letter Circus
5511,89,The A Team,+,Ed Sheeran
5512,89,01. Passenger - Let Her Go,Music,unknown
5513,89,Touch My Hand,David Archuleta,David Archuleta
5514,89,02 - One Day At A Time (Feat. Akon) (Muzikwar.Com),Euphoria - (MuzikWar.com),Enrique Iglesias - (MuzikWar.com)
5515,89,Barriers,David Archuleta,David Archuleta
5516,89,Big,This Is the Warning Disc 1,Dead Letter Circus
5517,89,Sexy Bitch [Feat. Akon],One Love,David Guetta
5518,89,Giorgio by Moroder,Random Access Memories,Daft Punk
5519,89,Digital Love,Discovery,Daft Punk
5520,89,Secrets,Waking Up,OneRepublic
5521,89,My Hands,David Archuleta,David Archuleta
5522,89,Aanakkallan,Salt N Pepper,Avial Band
5523,89,Goodbye My Lover,Back to Bedlam,James Blunt
5524,89,Rhinestone Eyes,Plastic Beach,Gorillaz
5525,89,A Little Too Not Over You,David Archuleta,David Archuleta
5526,89,05 - Instant crush,Random Access Memories,Daft Punk
5527,89,Carry You Home,All The Lost Souls,James Blunt
5528,89,05 Justin Timberlake - LoveStonedI Think She Knows Interlude,Music,unknown
5529,89,You Can,David Archuleta,David Archuleta
5530,89,Cage,This Is the Warning Disc 1,Dead Letter Circus
5531,89,06 - Sunshine Of Your Love (1),Music,unknown
5532,89,Here Without You,Away from the Sun,3 Doors Down
5533,89,Running,David Archuleta,David Archuleta
5534,89,Reaction,This Is the Warning Disc 1,Dead Letter Circus
5535,89,Addicted,"No Pads, No Helmets...Just Balls",Simple Plan
5536,89,Touch,Random Access Memories,Daft Punk
5537,89,Wonderful Tonight (Best Performance Live),24 Nights Disc 2,Eric Clapton
5538,89,Desperate,David Archuleta,David Archuleta
5539,89,To Be With You,David Archuleta,David Archuleta
5540,89,Lego House,+,Ed Sheeran
5541,89,Dear God,Avenged Sevenfold,Avenged Sevenfold
5542,89,Don't Let Go,David Archuleta,David Archuleta
5543,89,"You Need Me, I Don't Need You",+,Ed Sheeran
5544,89,Your Eyes Don't Lie,David Archuleta,David Archuleta
5545,89,12 - Doin' it right,Random Access Memories,Daft Punk
5546,89,This Is the Warning,This Is the Warning Disc 1,Dead Letter Circus
5547,89,Give Me Love,+,Ed Sheeran
5548,89,Radioactive,The Official Uk Top 40 Singles Chart 14-04-2013,Imagine Dragons
5549,89,13 - Contact,Random Access Memories,Daft Punk
5550,89,Castles Made of Sand,Experience Hendrix: The Best of Jimi Hendrix,Jimi Hendrix
5551,89,I See Fire,The Official Uk Top 40 Singles Chart 10-11-2013,Ed Sheeran
5552,89,Something About Us (Love Theme From Interstella 5555),Daft Club,Daft Punk
5553,89,Sweat (Snoop Dogg vs. David Guetta),Greatest Hits,David Guetta
5554,89,Six Degrees Of Separation (Explicit Edit),The Official Uk Top 40 Singles Chart 02-12-2012,The Script
5555,89,A Thousand Years,Billboard Hot 100: 01-28-2012,Christina Perri
5556,89,Bartender (Feat. Akon),Epiphany,T-Pain
5557,89,1973,Back to Bedlam,James Blunt
5558,89,Aadu Pambe,Avial (2007),Avial
5559,89,Don't Matter,Konvicted,Akon
5560,89,Akon-bellydancer,Music,unknown
5561,89,All Rise,All Rise,Blue
5562,89,Anonymous by Beast 1333,Music,unknown
5563,89,Anuraghathin Velayil - Muzikjam.com.mp3,Thattathin Marayathu - Muzikjam.com,Vineeth Sreenivasan - Muzikjam.com
5564,89,Nada Nada,Avial,Avial
5565,89,Beatles - Let it be,"Past Masters, Vol. 2",The Beatles
5566,89,Best Laid Plans,Some Kind Of Trouble,James Blunt
5567,89,Calling Out Your Name,Some Kind Of Trouble,James Blunt
5568,89,"Harder, Better, Faster, Stronger",Music,Daft Punk
5569,89,Drop It Like It's Hot,RandG (Rhythm and Gangsta): The Masterpiece,Snoop Dogg feat Pharrell
5570,89,Wonderful Tonight,Slow Hand,Eric Clapton
5571,89,My Immortal,Origin,Evanescence
5572,89,Falling In Love At a Coffee Shop,SXSW 2009 Showcasing Artists,Landon Pigg
5573,89,fields of anfield road,Music,unknown
5574,89,Grand Unification pt. 1,Music,Fightstar
5575,89,We Are Young,Some Nights,Fun.
5576,89,Airplanes (Feat. Hayley Williams),HotNewHipHop.com,B.o.B
5577,89,The Message,"Message from Beat Street: The Best of Grandmaster Flash, Melle Mel and the Furious Five",Grandmaster Flash
5578,89,20 - Gravity,Wolf's Rain OST,Wolf's Rain - Maaya Sakamoto
5579,89,Heart Of Gold,Some Kind Of Trouble,James Blunt
5580,89,I Really Want You (Radio Edit),All The Lost Souls,James Blunt
5581,89,If Time Is All I Have,Some Kind Of Trouble,James Blunt
5582,89,I'll Be Your Man,Some Kind Of Trouble,James Blunt
5583,89,I'll Take Everything,All The Lost Souls,James Blunt
5584,89,Demons,Night Visions,Imagine Dragons
5585,89,Cry,Back To Bedlam [UK],James Blunt
5586,89,High,Back To Bedlam [UK],James Blunt
5587,89,Tears And Rain,Back to Bedlam,James Blunt
5588,89,Jimi Hendrix_Valleys of Neptune_2010,Music,unknown
5589,89,Jimi Hendrix_Valleys of Neptune_2010000,Music,unknown
5590,89,Mirrors,Mirrors,Justin Timberlake
5591,89,What Goes Around.../...Comes Around (interlude),FutureSex/LoveSounds,Justin Timberlake
5592,89,Suit And Commercial (Justin Timberlake vs Daft Punk),thehoodinternet.com,The Hood Internet
5593,89,rojave,Music,kadal
5594,89,Homecoming  (Ft. Chris Martin),Graduation,Kanye West
5595,89,Track 01,Untitled Album,Unknown Artist
5596,89,READY STEADY GO,SMILE,L'Arc-en-Ciel
5597,89,Afterglow,Switch,INXS
5598,89,Mallu Rap,Music,zeest
5599,89,One More Night,Overexposed,Maroon 5
5600,89,Won't Go Home Without You,It Won't Be Soon Before Long,Maroon 5
5601,89,We are golden,We Are Golden,Mika
5602,89,Will You Be There,The Essential Michael Jackson,Michael Jackson
5603,89,Hold My Hand (Duet With Akon) (Produced By Akon And Giorgio Tuinfort),Michael,Michael Jackson
5604,89,nAqwK8Ae5s9F.128,Music,unknown
5605,89,New Stevie Gerrard,Liverpool Chants,fanchants.com
5606,89,Oh Steven Gerrard - Too Good To Be True,Liverpool Chants,fanchants.com
5607,89,One Step,This Is The Warning,Dead Letter Circus
5608,89,To The Sky (From The Soundtrack For The Original Motion P...andrlm;,All Things Bright and Beautiful,Owl City
5609,89,Same Mistake,All The Lost Souls,James Blunt
5610,89,Fire Burning on the Dance Floor,Disco Fiasco MVX,Sean Kingston
5611,89,She Will Be Loved,Songs About Jane,Maroon 5
5612,89,So Far Gone,Some Kind Of Trouble,James Blunt
5613,89,Stairway To Heaven,Best Songs Of All Time,Led Zeppelin
5614,89,Stay The Night,Some Kind Of Trouble,James Blunt
5615,89,Steve Gerrard,Liverpool Chants,fanchants.com
5616,89,stitch,Music,unknown
5617,89,Strom Without a Sky,Music,Nikhil D'souza
5618,89,Superstar,Some Kind Of Trouble,James Blunt
5619,89,The Scientist,A Rush Of Blood To The Head,Coldplay
5620,89,The Man Who Can't Be Moved,The Man Who Can't Be Moved - Single,The Script
5621,89,These Are The Words,Some Kind Of Trouble,James Blunt
5622,89,002 !!(){}!!!!(){}!!Tum!!(){},24/10/07 - New Mp3 - Hitesh Patel,002 ( Ronak HP ) Tum Se Hi - Digitaly Mastered From Hitesh
5623,89,Turn Me On,Some Kind Of Trouble,James Blunt
5624,89,Youtopia,Mirage,Armin van Buuren
5625,89,Incomplete,Never Gone: Special Edition,Backstreet Boys
5626,89,In Loving Memory,One Day Remains,Alter Bridge
5627,89,Drowning,Singles,Backstreet Boys
5628,89,All of Me - John Legend Cover,Music,unknown
5629,89,AUD-20141027-WA0004,whatsappmedia,unknown
5630,89,AUD-20141027-WA0003,whatsappmedia,unknown
5631,89,AUD-20141011-WA0000,whatsappmedia,unknown
5632,89,AUD-20141112-WA0000,whatsappmedia,unknown
5633,89,Beautiful,Relapse,Eminem
5634,89,No Words,#3,The Script
5635,89,We Cry,The Script,The Script
5636,89,Walk Away,Science And Faith,The Script
5637,89,Give The Love Around,#3,The Script
5638,89,Breakeven,The Script,The Script/The Script
5639,89,For The First Time,Science And Faith,The Script
5640,89,Nothing,Science And Faith,The Script
5641,89,Mad World,Donnie Darko,Gary Jules
5642,89,That's Who I Am (Rosemary's Grandau,Billboard Top 100 Of 2001,Jessica Andrews
5643,89,This=love,Science And Faith,The Script
5644,89,If You See Kay,The Script,The Script/The Script
5645,89,Millionaires,#3,The Script
5646,89,Young And Beautiful,Billboard Hot 100 09-07-2013,Lana Del Rey
5647,89,Not Afraid,Recovery (Explicit Version),Eminem
5648,89,Nothing Else Matters.mp3,bluetooth,EM Inc.
5649,89,I Won't Give Up,Billboard Hot 100: 02-18-2012,Jason Mraz
5650,89,I'm Not The Only One,UK TOP 40 Singles Chart,Sam Smith
5651,89,Animals,Billboard Hot 100,Maroon 5
5652,89,Blackest Eyes,In Absentia,Porcupine Tree
5653,89,Lazarus,Deadwing,Porcupine Tree
5654,89,Anybody There,The Script,The Script/The Script
5655,89,Before The Worst,The Script,The Script/The Script
5656,89,Breakeven,The Script,The Script/The Script
5657,89,Dead Man Walking,Science And Faith,The Script
5658,89,Exit Wounds,Science And Faith,The Script
5659,89,Fall For Anything,The Script,The Script/The Script
5660,89,For The First Time,Science And Faith,The Script
5661,89,I'm Yours,The Script,The Script
5662,89,If You Ever Come Back,Science And Faith,The Script
5663,89,If You See Kay,The Script,The Script/The Script
5664,89,Long Gone And Moved On,Science And Faith,The Script
5665,89,Nothing,Science And Faith,The Script
5666,89,Rusty Halo,The Script,The Script/The Script
5667,89,Science and Faith,Science And Faith,The Script
5668,89,Talk You Down,The Script,The Script/The Script
5669,89,The End Is Where I Begin,The Script,The Script/The Script
5670,89,The Man Who Can't Be Moved,The Script,The Script/The Script
5671,89,Good Ol' Days,#3,The Script
5672,89,Six Degrees Of Separation,#3,The Script
5673,89,Hall Of Fame (Ft. Will.I.Am),#3,The Script
5674,89,If You Could See Me Now,#3,The Script
5675,89,Glowing,#3,The Script
5676,89,Give The Love Around,#3,The Script
5677,89,Broken Arrow,#3,The Script
5678,89,Kaleidoscope,#3,The Script
5679,89,No Words,#3,The Script
5680,89,Millionaires,#3,The Script
5681,89,This=love,Science And Faith,The Script
5682,89,Walk Away,Science And Faith,The Script
5683,89,We Cry,The Script,The Script
5684,89,You Won't Feel A Thing,Science And Faith,The Script
5685,89,Sugar,Billboard Hot 100 Singles,Maroon 5
5686,89,Breathless,Breathless,Webmusic.IN
5687,89,No U Hang Up,Breathless,Webmusic.IN
5688,89,No Promises,Shayne Ward,Shayne Ward
5689,89,Slow Dancing In A Burning Room,Where The Light Is,John Mayer
5690,89,She Doesn't Mind - ,Tomahawk Technique,Sean Paul
5691,89,Hall Of Fame (Ft. Will.I.Am),#3,The Script
5692,89,With Or Without You,The Best Of 1980-1990,U2
5693,89,Little Green Man,Little Green Man (album sampler),Nikhil D'souza Band
5694,89,If You Could See Me Now,#3,The Script
5695,89,Thinking Out Loud,Billboard Hot 100,Ed Sheeran
5696,89,Nobody Saw Them But You,Little Green Man (album sampler),Nikhil D'souza Band
5697,89,Tears in Heaven,The Greatest Eric Clapton Hits,Eric Clapton
5698,89,Maps,The Official Uk Top 40 Singles Chart 14-09-2014,Maroon 5
5699,89,Say,the bucket list,John Mayer
5700,89,Take Me To Church,The Official Uk Top 40 Singles Chart 16-11-2014,Hozier
5701,89,Bailando (English Version),Bailando (English Version),Enrique Iglesias feat. Sean Paul 
5702,89,I'm Yours,The Script,The Script
5703,89,I'm Yours,Top 40 Singles,Jason Mraz
5704,89,Free Fallin',Where The Light Is,John Mayer
5705,89,The End Is Where I Begin,The Script,The Script/The Script
5706,89,Temperature,Applause Riddim,Sean Paul
